Workbook

Sheet Main Sheet
A1: Key | B1: Chinese | C1: English | D1: French | E1: German | F1: Hindi | G1: Italian | H1: Japanese | I1: Korean | J1: Polish | K1: Russian | L1: Spanish
A2: Access Levels | B2: 访问级别 | C2: Access Levels | D2: Niveaux d’accès | E2: Zugriffsebenen | F2: पहुंच स्तर | G2: Livelli di accesso | H2: アクセスレベル | I2: 액세스 수준 | J2: Poziomy dostępu | K2: Уровни доступа | L2: Niveles de acceso
A3: Account | B3: 帐户 | C3: Account | D3: Compte | E3: Konto | F3: लेखा | G3: Conto | H3: アカウント | I3: 계좌 | J3: Rachunek | K3: Счет | L3: Cuenta
A4: Account and Name | B4: 帐户和名称 | C4: Account and Name | D4: Compte et nom | E4: Konto und Name | F4: खाता और नाम | G4: Account e nome | H4: アカウントと名前 | I4: 계정 및 이름 | J4: Konto i imię i nazwisko | K4: Учетная запись и имя | L4: Cuenta y nombre
A5: Account Expiration | B5: 帐户过期 | C5: Account Expiration | D5: Expiration du compte | E5: Ablauf des Kontos | F5: लेखा समाप्ति | G5: Scadenza dell'account | H5: アカウントの有効期限 | I5: 계정 만료 | J5: Wygaśnięcie konta | K5: Срок действия учетной записи | L5: Vencimiento de la cuenta
A6: Account is disabled. | B6: 帐户已禁用。 | C6: Account is disabled. | D6: Le compte est désactivé. | E6: Das Konto ist deaktiviert. | F6: खाता अक्षम है। | G6: L'account è disabilitato. | H6: アカウントが無効になっています。 | I6: 계정을 사용할 수 없습니다. | J6: Konto jest wyłączone. | K6: Учетная запись отключена. | L6: La cuenta está deshabilitada.
A7: Account is enabled. | B7: 帐户已启用。 | C7: Account is enabled. | D7: Le compte est activé. | E7: Konto ist aktiviert. | F7: खाता सक्षम है। | G7: L'account è abilitato. | H7: アカウントが有効になっています。 | I7: 계정을 사용할 수 있습니다. | J7: Konto jest włączone. | K7: Учетная запись включена. | L7: La cuenta está habilitada.
A8: Account is locked out. | B8: 帐户被锁定。 | C8: Account is locked out. | D8: Le compte est verrouillé. | E8: Das Konto ist gesperrt. | F8: खाता बंद है। | G8: L'account è bloccato. | H8: アカウントがロックアウトされています。 | I8: 계정이 잠겨 있습니다. | J8: Konto jest zablokowane. | K8: Аккаунт заблокирован. | L8: La cuenta está bloqueada.
A9: Account is not locked out. | B9: 帐户未被锁定。 | C9: Account is not locked out. | D9: Le compte n’est pas verrouillé. | E9: Das Konto ist nicht gesperrt. | F9: खाता बंद नहीं है। | G9: L'account non è bloccato. | H9: アカウントはロックアウトされていません。 | I9: 계정이 잠겨 있지 않습니다. | J9: Konto nie jest zablokowane. | K9: Аккаунт не заблокирован. | L9: La cuenta no está bloqueada.
A10: Account Name | B10: 帐户名称 | C10: Account Name | D10: Nom de compte | E10: Kontenbezeichnung | F10: खाता नाम | G10: Nome account | H10: アカウント名 | I10: 계정 이름 | J10: Nazwa konta | K10: Имя учетной записи | L10: Nombre de la cuenta
A11: Active Directory | B11: 活动目录 | C11: Active Directory | D11: Active Directory | E11: Active Directory | F11: सक्रिय निर्देशिका | G11: Active Directory | H11: アクティブディレクトリ | I11: 액티브 디렉토리 | J11: Active Directory | K11: Active Directory | L11: Active Directory
A12: Active Directory is not available! | B12: 活动目录不可用！ | C12: Active Directory is not available! | D12: Active Directory n’est pas disponible! | E12: Active Directory ist nicht verfügbar! | F12: सक्रिय निर्देशिका उपलब्ध नहीं है! | G12: Active Directory non è disponibile! | H12: アクティブディレクトリは利用できません! | I12: Active Directory를 사용할 수 없습니다! | J12: Usługa Active Directory jest niedostępna! | K12: Active Directory недоступен! | L12: Active Directory no está disponible.
... A306: Zip Code | B306: 邮政编码 | C306: Zip Code | D306: Code postal | E306: PLZ | F306: ज़िप कोड | G306: CAP | H306: 郵便番号 | I306: 우편번호 | J306: Kod pocztowy | K306: Почтовый индекс | L306: Código postal
A307: News
A308: API
A309: Webhooks
A310: API Tokens
A311: User Activity
A312: IP Address
A313: Impersonator
A314: Last URI
A315: Last Access
A316: Session Expiration Time
A317: Active Directory Connection Status
A318: Server Port Open
... A363: Token Lifetime

Sheet Import Work Sheet
A1: Access Levels | B1: 访问级别
A2: Account | B2: 帐户
A3: Account and Name | B3: 帐户和名称
A4: Account Expiration | B4: 帐户过期
A5: Account is disabled. | B5: 帐户已禁用。
A6: Account is enabled. | B6: 帐户已启用。
A7: Account is locked out. | B7: 帐户被锁定。
A8: Account is not locked out. | B8: 帐户未被锁定。
A9: Account Name | B9: 帐户名称
A10: Active Directory | B10: 活动目录
A11: Active Directory is not available! | B11: 活动目录不可用！
A12: Active Directory Settings | B12: 活动目录设置
... A283: Zip Code | B283: 邮政编码

Sheet Code usage reference
A1: String Key | B1: On Translation Sheet
A2: Access Levels | B2: =COUNTIF('Main Sheet'!A:A,A2) -> 1
A3: Account | B3: =COUNTIF('Main Sheet'!A:A,A3) -> 1
A4: Account and Name | B4: =COUNTIF('Main Sheet'!A:A,A4) -> 1
A5: Account Expiration | B5: =COUNTIF('Main Sheet'!A:A,A5) -> 1
A6: Account Name | B6: =COUNTIF('Main Sheet'!A:A,A6) -> 1
A7: Active Directory | B7: =COUNTIF('Main Sheet'!A:A,A7) -> 1
A8: Active Directory Settings | B8: =COUNTIF('Main Sheet'!A:A,A8) -> 1
A9: Add | B9: =COUNTIF('Main Sheet'!A:A,A9) -> 1
A10: Add Members | B10: =COUNTIF('Main Sheet'!A:A,A10) -> 1
A11: Add New Access Level | B11: =COUNTIF('Main Sheet'!A:A,A11) -> 1
A12: Add to favorites | B12: =COUNTIF('Main Sheet'!A:A,A12) -> 1
A13: Additional Field | B13: =COUNTIF('Main Sheet'!A:A,A13) -> 1
... A268: Zip Code | B268: =COUNTIF('Main Sheet'!A:A,A268) -> 1
